{
  "__version__": "1.0.0",
  "current-scene": "cb2ec69d-c741-494d-afa1-ec25d8f9c81f",
  "gizmos-infos": {
    "is2D": false,
    "is3DIcon": false,
    "iconSize": 2,
    "gridVisible": true,
    "gridColor": [
      150,
      150,
      150,
      255
    ],
    "isIconGizmo3D": false,
    "iconGizmoSize": 2,
    "isGridVisible": true
  },
  "float-window": {
    "position": {
      "cc": {
        "Camera": {
          "dock": false,
          "top": null,
          "bottom": 10,
          "left": null,
          "right": 10
        }
      }
    }
  },
  "camera-infos": {
    "f46876e4-e81b-4931-b493-6d367be385e7": {
      "position": {
        "x": 0,
        "y": 0,
        "z": 0
      },
      "rotation": {
        "x": 0,
        "y": 0,
        "z": 0,
        "w": 1
      },
      "viewCenter": {
        "x": 0,
        "y": 0,
        "z": 0
      }
    },
    "cb2ec69d-c741-494d-afa1-ec25d8f9c81f": {
      "position": {
        "x": -2.824776247249793,
        "y": 1.0097356572577998,
        "z": -0.032757524868907595
      },
      "rotation": {
        "x": -0.09244228369370883,
        "y": -0.7693546178896032,
        "z": -0.11440507961753367,
        "w": 0.6216585669603052
      },
      "viewCenter": {
        "x": -0.018576112756561347,
        "y": 0.13682197372972205,
        "z": 0.5699550984264858
      }
    },
    "8753ee6f-5090-425c-8d73-4cae4accdd41": {
      "position": {
        "x": 4.802134774382218,
        "y": 4.802134774382218,
        "z": 4.8021347743822105
      },
      "rotation": {
        "x": -0.27984814233312133,
        "y": 0.3647051996310009,
        "z": 0.11591689595929512,
        "w": 0.8804762392171493
      },
      "viewCenter": {
        "x": 0,
        "y": 0,
        "z": 0
      }
    },
    "78c5f188-6314-4306-9138-ddf3edaff5f1": {
      "position": {
        "x": 50,
        "y": 50,
        "z": 50
      },
      "rotation": {
        "x": -0.27984814233312133,
        "y": 0.3647051996310009,
        "z": 0.11591689595929512,
        "w": 0.8804762392171493
      },
      "viewCenter": {
        "x": 0,
        "y": 0,
        "z": 0
      }
    },
    "04bb247c-6a3a-4e24-9e2c-24794bd46bbd": {
      "position": {
        "x": 10.426555271192399,
        "y": 0.6958030495400284,
        "z": 2.082189887863535
      },
      "rotation": {
        "x": 0.01668393847546482,
        "y": 0.36093708190651613,
        "z": -0.006458314294466244,
        "w": 0.9324185536968482
      },
      "viewCenter": {
        "x": 3.016876478062832,
        "y": 1.0897563015108513,
        "z": -6.054487388342868
      }
    }
  },
  "camera-uuids": [
    "04bb247c-6a3a-4e24-9e2c-24794bd46bbd"
  ],
  "builder": {},
  "": {
    "sculpt_brush_rotate": 0
  },
  "camera": {
    "fov": 45,
    "far": 10000,
    "near": 0.01,
    "color": [
      48,
      48,
      48,
      255
    ],
    "wheelSpeed": 0.01,
    "wanderSpeed": 10,
    "enableAcceleration": true,
    "far2D": 10000,
    "near2D": 1,
    "wheelSpeed2D": 6,
    "size": "__default_design__"
  }
}
